<?xml version="1.0" encoding="ISO-8859-1"?>
<StyledLayerDescriptor version="1.0.0" 
    xsi:schemaLocation="http://www.opengis.net/sld StyledLayerDescriptor.xsd" 
    xmlns="http://www.opengis.net/sld" 
    xmlns:ogc="http://www.opengis.net/ogc" 
    xmlns:xlink="http://www.w3.org/1999/xlink" 
    xmlns:xsi="http://www.w3.org/2001/XMLSchema-instance">
  <NamedLayer>
    <Name>Attribute-based point</Name>
    <UserStyle>
      <Title>GeoServer SLD Cook Book: Attribute-based point</Title>
      <FeatureTypeStyle>
        <Rule>
          <Name>Feature</Name>
          <Title>General Incident Unconfirmed</Title>
          <ogc:Filter>
              <ogc:PropertyIsEqualTo>
                <ogc:PropertyName>Feature</ogc:PropertyName>
                <ogc:Literal>General_Incident_Unconfirmed</ogc:Literal>
              </ogc:PropertyIsEqualTo>
          </ogc:Filter>
          <PointSymbolizer>
            <Graphic>
              <ExternalGraphic>
                <OnlineResource
                  xlink:type="simple"
                  xlink:href="General_Incident_Unconfirmed.svg" />
                <Format>image/svg+xml</Format>
              </ExternalGraphic>
              <Size>32</Size>
            </Graphic>
          </PointSymbolizer>
        </Rule>
		<Rule>
          <Name>Feature</Name>
          <Title>General Incident Confirmed</Title>
          <ogc:Filter>
              <ogc:PropertyIsEqualTo>
                <ogc:PropertyName>Feature</ogc:PropertyName>
                <ogc:Literal>General_Incident_Confirmed</ogc:Literal>
              </ogc:PropertyIsEqualTo>
          </ogc:Filter>
          <PointSymbolizer>
            <Graphic>
              <ExternalGraphic>
                <OnlineResource
                  xlink:type="simple"
                  xlink:href="General_Incident_Confirmed.svg" />
                <Format>image/svg+xml</Format>
              </ExternalGraphic>
              <Size>32</Size>
            </Graphic>
          </PointSymbolizer>
        </Rule>
		<Rule>
          <Name>Feature</Name>
          <Title>Air Incident</Title>
          <ogc:Filter>
              <ogc:PropertyIsEqualTo>
                <ogc:PropertyName>Feature</ogc:PropertyName>
                <ogc:Literal>Air_Incident</ogc:Literal>
              </ogc:PropertyIsEqualTo>
          </ogc:Filter>
          <PointSymbolizer>
            <Graphic>
              <ExternalGraphic>
                <OnlineResource
                  xlink:type="simple"
                  xlink:href="Air_Incident.svg" />
                <Format>image/svg+xml</Format>
              </ExternalGraphic>
              <Size>32</Size>
            </Graphic>
          </PointSymbolizer>
        </Rule>
		<Rule>
          <Name>Feature</Name>
          <Title>Landslide</Title>
          <ogc:Filter>
              <ogc:PropertyIsEqualTo>
                <ogc:PropertyName>Feature</ogc:PropertyName>
                <ogc:Literal>Landslide</ogc:Literal>
              </ogc:PropertyIsEqualTo>
          </ogc:Filter>
          <PointSymbolizer>
            <Graphic>
              <ExternalGraphic>
                <OnlineResource
                  xlink:type="simple"
                  xlink:href="Landslide.svg" />
                <Format>image/svg+xml</Format>
              </ExternalGraphic>
              <Size>32</Size>
            </Graphic>
          </PointSymbolizer>
        </Rule>
		<Rule>
          <Name>Feature</Name>
          <Title>Marine Incident</Title>
          <ogc:Filter>
              <ogc:PropertyIsEqualTo>
                <ogc:PropertyName>Feature</ogc:PropertyName>
                <ogc:Literal>Marine_Incident</ogc:Literal>
              </ogc:PropertyIsEqualTo>
          </ogc:Filter>
          <PointSymbolizer>
            <Graphic>
              <ExternalGraphic>
                <OnlineResource
                  xlink:type="simple"
                  xlink:href="Marine_Incident.svg" />
                <Format>image/svg+xml</Format>
              </ExternalGraphic>
              <Size>32</Size>
            </Graphic>
          </PointSymbolizer>
        </Rule>
		<Rule>
          <Name>Feature</Name>
          <Title>Rail Incident</Title>
          <ogc:Filter>
              <ogc:PropertyIsEqualTo>
                <ogc:PropertyName>Feature</ogc:PropertyName>
                <ogc:Literal>Rail_Incident</ogc:Literal>
              </ogc:PropertyIsEqualTo>
          </ogc:Filter>
          <PointSymbolizer>
            <Graphic>
              <ExternalGraphic>
                <OnlineResource
                  xlink:type="simple"
                  xlink:href="Rail_Incident.svg" />
                <Format>image/svg+xml</Format>
              </ExternalGraphic>
              <Size>32</Size>
            </Graphic>
          </PointSymbolizer>
        </Rule>
		<Rule>
          <Name>Feature</Name>
          <Title>Storm Surge</Title>
          <ogc:Filter>
              <ogc:PropertyIsEqualTo>
                <ogc:PropertyName>Feature</ogc:PropertyName>
                <ogc:Literal>Storm_Surge</ogc:Literal>
              </ogc:PropertyIsEqualTo>
          </ogc:Filter>
          <PointSymbolizer>
            <Graphic>
              <ExternalGraphic>
                <OnlineResource
                  xlink:type="simple"
                  xlink:href="Storm_Surge.svg" />
                <Format>image/svg+xml</Format>
              </ExternalGraphic>
              <Size>32</Size>
            </Graphic>
          </PointSymbolizer>
        </Rule>
		<Rule>
          <Name>Feature</Name>
          <Title>Thunderstorm</Title>
          <ogc:Filter>
              <ogc:PropertyIsEqualTo>
                <ogc:PropertyName>Feature</ogc:PropertyName>
                <ogc:Literal>Thunderstorm</ogc:Literal>
              </ogc:PropertyIsEqualTo>
          </ogc:Filter>
          <PointSymbolizer>
            <Graphic>
              <ExternalGraphic>
                <OnlineResource
                  xlink:type="simple"
                  xlink:href="Thunderstorm.svg" />
                <Format>image/svg+xml</Format>
              </ExternalGraphic>
              <Size>32</Size>
            </Graphic>
          </PointSymbolizer>
        </Rule>
		<Rule>
          <Name>Feature</Name>
          <Title>Tropical Cyclone</Title>
          <ogc:Filter>
              <ogc:PropertyIsEqualTo>
                <ogc:PropertyName>Feature</ogc:PropertyName>
                <ogc:Literal>Tropical_Cyclone</ogc:Literal>
              </ogc:PropertyIsEqualTo>
          </ogc:Filter>
          <PointSymbolizer>
            <Graphic>
              <ExternalGraphic>
                <OnlineResource
                  xlink:type="simple"
                  xlink:href="Tropical_Cyclone.svg" />
                <Format>image/svg+xml</Format>
              </ExternalGraphic>
              <Size>32</Size>
            </Graphic>
          </PointSymbolizer>
        </Rule>
		<Rule>
          <Name>Feature</Name>
          <Title>Tsunami</Title>
          <ogc:Filter>
              <ogc:PropertyIsEqualTo>
                <ogc:PropertyName>Feature</ogc:PropertyName>
                <ogc:Literal>Tsunami</ogc:Literal>
              </ogc:PropertyIsEqualTo>
          </ogc:Filter>
          <PointSymbolizer>
            <Graphic>
              <ExternalGraphic>
                <OnlineResource
                  xlink:type="simple"
                  xlink:href="Tsunami.svg" />
                <Format>image/svg+xml</Format>
              </ExternalGraphic>
              <Size>32</Size>
            </Graphic>
          </PointSymbolizer>
        </Rule>
		<Rule>
          <Name>Feature</Name>
          <Title>Vehicle Incident</Title>
          <ogc:Filter>
              <ogc:PropertyIsEqualTo>
                <ogc:PropertyName>Feature</ogc:PropertyName>
                <ogc:Literal>Vehicle_Incident</ogc:Literal>
              </ogc:PropertyIsEqualTo>
          </ogc:Filter>
          <PointSymbolizer>
            <Graphic>
              <ExternalGraphic>
                <OnlineResource
                  xlink:type="simple"
                  xlink:href="Vehicle_Incident.svg" />
                <Format>image/svg+xml</Format>
              </ExternalGraphic>
              <Size>32</Size>
            </Graphic>
          </PointSymbolizer>
        </Rule>
		<Rule>
          <Name>Feature</Name>
          <Title>General Assets</Title>
          <ogc:Filter>
              <ogc:PropertyIsEqualTo>
                <ogc:PropertyName>Feature</ogc:PropertyName>
                <ogc:Literal>General_Assets</ogc:Literal>
              </ogc:PropertyIsEqualTo>
          </ogc:Filter>
          <PointSymbolizer>
            <Graphic>
              <ExternalGraphic>
                <OnlineResource
                  xlink:type="simple"
                  xlink:href="General_Assets.svg" />
                <Format>image/svg+xml</Format>
              </ExternalGraphic>
              <Size>32</Size>
            </Graphic>
          </PointSymbolizer>
        </Rule>
		<Rule>
          <Name>Feature</Name>
          <Title>General Assets Potentially Defendable</Title>
          <ogc:Filter>
              <ogc:PropertyIsEqualTo>
                <ogc:PropertyName>Feature</ogc:PropertyName>
                <ogc:Literal>General_Assets_Potentially_Defendable</ogc:Literal>
              </ogc:PropertyIsEqualTo>
          </ogc:Filter>
          <PointSymbolizer>
            <Graphic>
              <ExternalGraphic>
                <OnlineResource
                  xlink:type="simple"
                  xlink:href="General_Assets_Potentially_Defendable.svg" />
                <Format>image/svg+xml</Format>
              </ExternalGraphic>
              <Size>32</Size>
            </Graphic>
          </PointSymbolizer>
        </Rule>
		<Rule>
          <Name>Feature</Name>
          <Title>General Assets Defendable</Title>
          <ogc:Filter>
              <ogc:PropertyIsEqualTo>
                <ogc:PropertyName>Feature</ogc:PropertyName>
                <ogc:Literal>General_Assets_Defendable</ogc:Literal>
              </ogc:PropertyIsEqualTo>
          </ogc:Filter>
          <PointSymbolizer>
            <Graphic>
              <ExternalGraphic>
                <OnlineResource
                  xlink:type="simple"
                  xlink:href="General_Assets_Defendable.svg" />
                <Format>image/svg+xml</Format>
              </ExternalGraphic>
              <Size>32</Size>
            </Graphic>
          </PointSymbolizer>
        </Rule>
		<Rule>
          <Name>Feature</Name>
          <Title>General Assets Not Defendable</Title>
          <ogc:Filter>
              <ogc:PropertyIsEqualTo>
                <ogc:PropertyName>Feature</ogc:PropertyName>
                <ogc:Literal>General_Assets_Not_Defendable</ogc:Literal>
              </ogc:PropertyIsEqualTo>
          </ogc:Filter>
          <PointSymbolizer>
            <Graphic>
              <ExternalGraphic>
                <OnlineResource
                  xlink:type="simple"
                  xlink:href="General_Assets_Not_Defendable.svg" />
                <Format>image/svg+xml</Format>
              </ExternalGraphic>
              <Size>32</Size>
            </Graphic>
          </PointSymbolizer>
        </Rule>
		<Rule>
          <Name>Feature</Name>
          <Title>HAZMAT</Title>
          <ogc:Filter>
              <ogc:PropertyIsEqualTo>
                <ogc:PropertyName>Feature</ogc:PropertyName>
                <ogc:Literal>Hazmat</ogc:Literal>
              </ogc:PropertyIsEqualTo>
          </ogc:Filter>
          <PointSymbolizer>
            <Graphic>
              <ExternalGraphic>
                <OnlineResource
                  xlink:type="simple"
                  xlink:href="Hazmat.svg" />
                <Format>image/svg+xml</Format>
              </ExternalGraphic>
              <Size>32</Size>
            </Graphic>
          </PointSymbolizer>
        </Rule>
		<Rule>
          <Name>Feature</Name>
          <Title>Historic Site</Title>
          <ogc:Filter>
              <ogc:PropertyIsEqualTo>
                <ogc:PropertyName>Feature</ogc:PropertyName>
                <ogc:Literal>Historic_Site</ogc:Literal>
              </ogc:PropertyIsEqualTo>
          </ogc:Filter>
          <PointSymbolizer>
            <Graphic>
              <ExternalGraphic>
                <OnlineResource
                  xlink:type="simple"
                  xlink:href="Historic_Site.svg" />
                <Format>image/svg+xml</Format>
              </ExternalGraphic>
              <Size>32</Size>
            </Graphic>
          </PointSymbolizer>
        </Rule>
		<Rule>
          <Name>Feature</Name>
          <Title>Indigenous Site</Title>
          <ogc:Filter>
              <ogc:PropertyIsEqualTo>
                <ogc:PropertyName>Feature</ogc:PropertyName>
                <ogc:Literal>Indigenous_Site</ogc:Literal>
              </ogc:PropertyIsEqualTo>
          </ogc:Filter>
          <PointSymbolizer>
            <Graphic>
              <ExternalGraphic>
                <OnlineResource
                  xlink:type="simple"
                  xlink:href="Indigenous_Site.svg" />
                <Format>image/svg+xml</Format>
              </ExternalGraphic>
              <Size>32</Size>
            </Graphic>
          </PointSymbolizer>
        </Rule>
		<Rule>
          <Name>Feature</Name>
          <Title>Significant Flora</Title>
          <ogc:Filter>
              <ogc:PropertyIsEqualTo>
                <ogc:PropertyName>Feature</ogc:PropertyName>
                <ogc:Literal>Significant_Flora</ogc:Literal>
              </ogc:PropertyIsEqualTo>
          </ogc:Filter>
          <PointSymbolizer>
            <Graphic>
              <ExternalGraphic>
                <OnlineResource
                  xlink:type="simple"
                  xlink:href="Significant_Flora.svg" />
                <Format>image/svg+xml</Format>
              </ExternalGraphic>
              <Size>32</Size>
            </Graphic>
          </PointSymbolizer>
        </Rule>
		<Rule>
          <Name>Feature</Name>
          <Title>Significant Fauna</Title>
          <ogc:Filter>
              <ogc:PropertyIsEqualTo>
                <ogc:PropertyName>Feature</ogc:PropertyName>
                <ogc:Literal>Significant_Fauna</ogc:Literal>
              </ogc:PropertyIsEqualTo>
          </ogc:Filter>
          <PointSymbolizer>
            <Graphic>
              <ExternalGraphic>
                <OnlineResource
                  xlink:type="simple"
                  xlink:href="Significant_Fauna.svg" />
                <Format>image/svg+xml</Format>
              </ExternalGraphic>
              <Size>32</Size>
            </Graphic>
          </PointSymbolizer>
        </Rule>
		<Rule>
          <Name>Feature</Name>
          <Title>Threatened Asset</Title>
          <ogc:Filter>
              <ogc:PropertyIsEqualTo>
                <ogc:PropertyName>Feature</ogc:PropertyName>
                <ogc:Literal>Threatened_Asset</ogc:Literal>
              </ogc:PropertyIsEqualTo>
          </ogc:Filter>
          <PointSymbolizer>
            <Graphic>
              <ExternalGraphic>
                <OnlineResource
                  xlink:type="simple"
                  xlink:href="Threatened_Asset.svg" />
                <Format>image/svg+xml</Format>
              </ExternalGraphic>
              <Size>32</Size>
            </Graphic>
          </PointSymbolizer>
        </Rule>
		<Rule>
          <Name>Feature</Name>
          <Title>Access Point</Title>
          <ogc:Filter>
              <ogc:PropertyIsEqualTo>
                <ogc:PropertyName>Feature</ogc:PropertyName>
                <ogc:Literal>Access_Point</ogc:Literal>
              </ogc:PropertyIsEqualTo>
          </ogc:Filter>
          <PointSymbolizer>
            <Graphic>
              <ExternalGraphic>
                <OnlineResource
                  xlink:type="simple"
                  xlink:href="Access_Point.svg" />
                <Format>image/svg+xml</Format>
              </ExternalGraphic>
              <Size>32</Size>
            </Graphic>
          </PointSymbolizer>
        </Rule>
		<Rule>
          <Name>Feature</Name>
          <Title>Airbase</Title>
          <ogc:Filter>
              <ogc:PropertyIsEqualTo>
                <ogc:PropertyName>Feature</ogc:PropertyName>
                <ogc:Literal>Airbase</ogc:Literal>
              </ogc:PropertyIsEqualTo>
          </ogc:Filter>
          <PointSymbolizer>
            <Graphic>
              <ExternalGraphic>
                <OnlineResource
                  xlink:type="simple"
                  xlink:href="Airbase.svg" />
                <Format>image/svg+xml</Format>
              </ExternalGraphic>
              <Size>32</Size>
            </Graphic>
          </PointSymbolizer>
        </Rule>
		<Rule>
          <Name>Feature</Name>
          <Title>Animal Shelter</Title>
          <ogc:Filter>
              <ogc:PropertyIsEqualTo>
                <ogc:PropertyName>Feature</ogc:PropertyName>
                <ogc:Literal>Animal_Shelter</ogc:Literal>
              </ogc:PropertyIsEqualTo>
          </ogc:Filter>
          <PointSymbolizer>
            <Graphic>
              <ExternalGraphic>
                <OnlineResource
                  xlink:type="simple"
                  xlink:href="Animal_Shelter.svg" />
                <Format>image/svg+xml</Format>
              </ExternalGraphic>
              <Size>32</Size>
            </Graphic>
          </PointSymbolizer>
        </Rule>
		<Rule>
          <Name>Feature</Name>
          <Title>Assembly Area</Title>
          <ogc:Filter>
              <ogc:PropertyIsEqualTo>
                <ogc:PropertyName>Feature</ogc:PropertyName>
                <ogc:Literal>Assembly_Area</ogc:Literal>
              </ogc:PropertyIsEqualTo>
          </ogc:Filter>
          <PointSymbolizer>
            <Graphic>
              <ExternalGraphic>
                <OnlineResource
                  xlink:type="simple"
                  xlink:href="Assembly_Area.svg" />
                <Format>image/svg+xml</Format>
              </ExternalGraphic>
              <Size>32</Size>
            </Graphic>
          </PointSymbolizer>
        </Rule>
		<Rule>
          <Name>Feature</Name>
          <Title>Base Camp</Title>
          <ogc:Filter>
              <ogc:PropertyIsEqualTo>
                <ogc:PropertyName>Feature</ogc:PropertyName>
                <ogc:Literal>Base_Camp</ogc:Literal>
              </ogc:PropertyIsEqualTo>
          </ogc:Filter>
          <PointSymbolizer>
            <Graphic>
              <ExternalGraphic>
                <OnlineResource
                  xlink:type="simple"
                  xlink:href="Base_Camp.svg" />
                <Format>image/svg+xml</Format>
              </ExternalGraphic>
              <Size>32</Size>
            </Graphic>
          </PointSymbolizer>
        </Rule>
		<Rule>
          <Name>Feature</Name>
          <Title>Control Centre</Title>
          <ogc:Filter>
              <ogc:PropertyIsEqualTo>
                <ogc:PropertyName>Feature</ogc:PropertyName>
                <ogc:Literal>Control_Centre</ogc:Literal>
              </ogc:PropertyIsEqualTo>
          </ogc:Filter>
          <PointSymbolizer>
            <Graphic>
              <ExternalGraphic>
                <OnlineResource
                  xlink:type="simple"
                  xlink:href="Control_Centre.svg" />
                <Format>image/svg+xml</Format>
              </ExternalGraphic>
              <Size>32</Size>
            </Graphic>
          </PointSymbolizer>
        </Rule>
		<Rule>
          <Name>Feature</Name>
          <Title>Control/Operations Point</Title>
          <ogc:Filter>
              <ogc:PropertyIsEqualTo>
                <ogc:PropertyName>Feature</ogc:PropertyName>
                <ogc:Literal>Control_Operations_Point</ogc:Literal>
              </ogc:PropertyIsEqualTo>
          </ogc:Filter>
          <PointSymbolizer>
            <Graphic>
              <ExternalGraphic>
                <OnlineResource
                  xlink:type="simple"
                  xlink:href="Control_Operations_Point.svg" />
                <Format>image/svg+xml</Format>
              </ExternalGraphic>
              <Size>32</Size>
            </Graphic>
          </PointSymbolizer>
        </Rule>
		<Rule>
          <Name>Feature</Name>
          <Title>Divisional Boundary</Title>
          <ogc:Filter>
              <ogc:PropertyIsEqualTo>
                <ogc:PropertyName>Feature</ogc:PropertyName>
                <ogc:Literal>Divisional_Boundary</ogc:Literal>
              </ogc:PropertyIsEqualTo>
          </ogc:Filter>
          <PointSymbolizer>
            <Graphic>
              <ExternalGraphic>
                <OnlineResource
                  xlink:type="simple"
                  xlink:href="Divisional_Boundary.svg" />
                <Format>image/svg+xml</Format>
              </ExternalGraphic>
              <Size>32</Size>
            </Graphic>
          </PointSymbolizer>
        </Rule>
		<Rule>
          <Name>Feature</Name>
          <Title>Divisional Command</Title>
          <ogc:Filter>
              <ogc:PropertyIsEqualTo>
                <ogc:PropertyName>Feature</ogc:PropertyName>
                <ogc:Literal>Divisional_Command</ogc:Literal>
              </ogc:PropertyIsEqualTo>
          </ogc:Filter>
          <PointSymbolizer>
            <Graphic>
              <ExternalGraphic>
                <OnlineResource
                  xlink:type="simple"
                  xlink:href="Divisional_Command.svg" />
                <Format>image/svg+xml</Format>
              </ExternalGraphic>
              <Size>32</Size>
            </Graphic>
          </PointSymbolizer>
        </Rule>
		<Rule>
          <Name>Feature</Name>
          <Title>Drop Zone</Title>
          <ogc:Filter>
              <ogc:PropertyIsEqualTo>
                <ogc:PropertyName>Feature</ogc:PropertyName>
                <ogc:Literal>Drop_Zone</ogc:Literal>
              </ogc:PropertyIsEqualTo>
          </ogc:Filter>
          <PointSymbolizer>
            <Graphic>
              <ExternalGraphic>
                <OnlineResource
                  xlink:type="simple"
                  xlink:href="Drop_Zone.svg" />
                <Format>image/svg+xml</Format>
              </ExternalGraphic>
              <Size>32</Size>
            </Graphic>
          </PointSymbolizer>
        </Rule>
		<Rule>
          <Name>Feature</Name>
          <Title>Evacuation/Escape Route Point Established</Title>
          <ogc:Filter>
              <ogc:PropertyIsEqualTo>
                <ogc:PropertyName>Feature</ogc:PropertyName>
                <ogc:Literal>Evacuation_Escape_Route_Point_Established</ogc:Literal>
              </ogc:PropertyIsEqualTo>
          </ogc:Filter>
          <PointSymbolizer>
            <Graphic>
              <ExternalGraphic>
                <OnlineResource
                  xlink:type="simple"
                  xlink:href="Evacuation_Escape_Route_Point_Established.svg" />
                <Format>image/svg+xml</Format>
              </ExternalGraphic>
              <Size>32</Size>
            </Graphic>
          </PointSymbolizer>
        </Rule>
		<Rule>
          <Name>Feature</Name>
          <Title>Evacuation/Escape Route Point Planned</Title>
          <ogc:Filter>
              <ogc:PropertyIsEqualTo>
                <ogc:PropertyName>Feature</ogc:PropertyName>
                <ogc:Literal>Evacuation_Escape_Route_Point_Planned</ogc:Literal>
              </ogc:PropertyIsEqualTo>
          </ogc:Filter>
          <PointSymbolizer>
            <Graphic>
              <ExternalGraphic>
                <OnlineResource
                  xlink:type="simple"
                  xlink:href="Evacuation_Escape_Route_Point_Planned.svg" />
                <Format>image/svg+xml</Format>
              </ExternalGraphic>
              <Size>32</Size>
            </Graphic>
          </PointSymbolizer>
        </Rule>
		<Rule>
          <Name>Feature</Name>
          <Title>Evacuation Area Established</Title>
          <ogc:Filter>
              <ogc:PropertyIsEqualTo>
                <ogc:PropertyName>Feature</ogc:PropertyName>
                <ogc:Literal>Evacuation_Area_Established</ogc:Literal>
              </ogc:PropertyIsEqualTo>
          </ogc:Filter>
          <PointSymbolizer>
            <Graphic>
              <ExternalGraphic>
                <OnlineResource
                  xlink:type="simple"
                  xlink:href="Evacuation_Area_Established.svg" />
                <Format>image/svg+xml</Format>
              </ExternalGraphic>
              <Size>32</Size>
            </Graphic>
          </PointSymbolizer>
        </Rule>
		<Rule>
          <Name>Feature</Name>
          <Title>Evacuation Area Planned</Title>
          <ogc:Filter>
              <ogc:PropertyIsEqualTo>
                <ogc:PropertyName>Feature</ogc:PropertyName>
                <ogc:Literal>Evacuation_Area_Planned</ogc:Literal>
              </ogc:PropertyIsEqualTo>
          </ogc:Filter>
          <PointSymbolizer>
            <Graphic>
              <ExternalGraphic>
                <OnlineResource
                  xlink:type="simple"
                  xlink:href="Evacuation_Area_Planned.svg" />
                <Format>image/svg+xml</Format>
              </ExternalGraphic>
              <Size>32</Size>
            </Graphic>
          </PointSymbolizer>
        </Rule>
		<Rule>
          <Name>Feature</Name>
          <Title>Evacuation Centre Established</Title>
          <ogc:Filter>
              <ogc:PropertyIsEqualTo>
                <ogc:PropertyName>Feature</ogc:PropertyName>
                <ogc:Literal>Evacuation_Centre_Established</ogc:Literal>
              </ogc:PropertyIsEqualTo>
          </ogc:Filter>
          <PointSymbolizer>
            <Graphic>
              <ExternalGraphic>
                <OnlineResource
                  xlink:type="simple"
                  xlink:href="Evacuation_Centre_Established.svg" />
                <Format>image/svg+xml</Format>
              </ExternalGraphic>
              <Size>32</Size>
            </Graphic>
          </PointSymbolizer>
        </Rule>
		<Rule>
          <Name>Feature</Name>
          <Title>Evacuation Centre Planned</Title>
          <ogc:Filter>
              <ogc:PropertyIsEqualTo>
                <ogc:PropertyName>Feature</ogc:PropertyName>
                <ogc:Literal>Evacuation_Centre_Planned</ogc:Literal>
              </ogc:PropertyIsEqualTo>
          </ogc:Filter>
          <PointSymbolizer>
            <Graphic>
              <ExternalGraphic>
                <OnlineResource
                  xlink:type="simple"
                  xlink:href="Evacuation_Centre_Planned.svg" />
                <Format>image/svg+xml</Format>
              </ExternalGraphic>
              <Size>32</Size>
            </Graphic>
          </PointSymbolizer>
        </Rule>
		<Rule>
          <Name>Feature</Name>
          <Title>Helibase</Title>
          <ogc:Filter>
              <ogc:PropertyIsEqualTo>
                <ogc:PropertyName>Feature</ogc:PropertyName>
                <ogc:Literal>Helibase</ogc:Literal>
              </ogc:PropertyIsEqualTo>
          </ogc:Filter>
          <PointSymbolizer>
            <Graphic>
              <ExternalGraphic>
                <OnlineResource
                  xlink:type="simple"
                  xlink:href="Helibase.svg" />
                <Format>image/svg+xml</Format>
              </ExternalGraphic>
              <Size>32</Size>
            </Graphic>
          </PointSymbolizer>
        </Rule>
		<Rule>
          <Name>Feature</Name>
          <Title>Helipad</Title>
          <ogc:Filter>
              <ogc:PropertyIsEqualTo>
                <ogc:PropertyName>Feature</ogc:PropertyName>
                <ogc:Literal>Helipad</ogc:Literal>
              </ogc:PropertyIsEqualTo>
          </ogc:Filter>
          <PointSymbolizer>
            <Graphic>
              <ExternalGraphic>
                <OnlineResource
                  xlink:type="simple"
                  xlink:href="Helipad.svg" />
                <Format>image/svg+xml</Format>
              </ExternalGraphic>
              <Size>32</Size>
            </Graphic>
          </PointSymbolizer>
        </Rule>
		<Rule>
          <Name>Feature</Name>
          <Title>Location - Fire Appliance</Title>
          <ogc:Filter>
              <ogc:PropertyIsEqualTo>
                <ogc:PropertyName>Feature</ogc:PropertyName>
                <ogc:Literal>Location_Fire_Appliance</ogc:Literal>
              </ogc:PropertyIsEqualTo>
          </ogc:Filter>
          <PointSymbolizer>
            <Graphic>
              <ExternalGraphic>
                <OnlineResource
                  xlink:type="simple"
                  xlink:href="Location_Fire_Appliance.svg" />
                <Format>image/svg+xml</Format>
              </ExternalGraphic>
              <Size>32</Size>
            </Graphic>
          </PointSymbolizer>
        </Rule>
		<Rule>
          <Name>Feature</Name>
          <Title>Location - Ambulance</Title>
          <ogc:Filter>
              <ogc:PropertyIsEqualTo>
                <ogc:PropertyName>Feature</ogc:PropertyName>
                <ogc:Literal>Location_Ambulance</ogc:Literal>
              </ogc:PropertyIsEqualTo>
          </ogc:Filter>
          <PointSymbolizer>
            <Graphic>
              <ExternalGraphic>
                <OnlineResource
                  xlink:type="simple"
                  xlink:href="Location_Ambulance.svg" />
                <Format>image/svg+xml</Format>
              </ExternalGraphic>
              <Size>32</Size>
            </Graphic>
          </PointSymbolizer>
        </Rule>
		<Rule>
          <Name>Feature</Name>
          <Title>Location - Police Vehicle</Title>
          <ogc:Filter>
              <ogc:PropertyIsEqualTo>
                <ogc:PropertyName>Feature</ogc:PropertyName>
                <ogc:Literal>Location_Police_Vehicle</ogc:Literal>
              </ogc:PropertyIsEqualTo>
          </ogc:Filter>
          <PointSymbolizer>
            <Graphic>
              <ExternalGraphic>
                <OnlineResource
                  xlink:type="simple"
                  xlink:href="Location_Police_Vehicle.svg" />
                <Format>image/svg+xml</Format>
              </ExternalGraphic>
              <Size>32</Size>
            </Graphic>
          </PointSymbolizer>
        </Rule>
		<Rule>
          <Name>Feature</Name>
          <Title>Location - SES Vehicle</Title>
          <ogc:Filter>
              <ogc:PropertyIsEqualTo>
                <ogc:PropertyName>Feature</ogc:PropertyName>
                <ogc:Literal>Location_SES_Vehicle</ogc:Literal>
              </ogc:PropertyIsEqualTo>
          </ogc:Filter>
          <PointSymbolizer>
            <Graphic>
              <ExternalGraphic>
                <OnlineResource
                  xlink:type="simple"
                  xlink:href="Location_SES_Vehicle.svg" />
                <Format>image/svg+xml</Format>
              </ExternalGraphic>
              <Size>32</Size>
            </Graphic>
          </PointSymbolizer>
        </Rule>
		<Rule>
          <Name>Feature</Name>
          <Title>Medical</Title>
          <ogc:Filter>
              <ogc:PropertyIsEqualTo>
                <ogc:PropertyName>Feature</ogc:PropertyName>
                <ogc:Literal>Medical</ogc:Literal>
              </ogc:PropertyIsEqualTo>
          </ogc:Filter>
          <PointSymbolizer>
            <Graphic>
              <ExternalGraphic>
                <OnlineResource
                  xlink:type="simple"
                  xlink:href="Medical.svg" />
                <Format>image/svg+xml</Format>
              </ExternalGraphic>
              <Size>32</Size>
            </Graphic>
          </PointSymbolizer>
        </Rule>
		<Rule>
          <Name>Feature</Name>
          <Title>Mobile Weather Station</Title>
          <ogc:Filter>
              <ogc:PropertyIsEqualTo>
                <ogc:PropertyName>Feature</ogc:PropertyName>
                <ogc:Literal>Mobile_Weather_Station</ogc:Literal>
              </ogc:PropertyIsEqualTo>
          </ogc:Filter>
          <PointSymbolizer>
            <Graphic>
              <ExternalGraphic>
                <OnlineResource
                  xlink:type="simple"
                  xlink:href="Mobile_Weather_Station.svg" />
                <Format>image/svg+xml</Format>
              </ExternalGraphic>
              <Size>32</Size>
            </Graphic>
          </PointSymbolizer>
        </Rule>
		<Rule>
          <Name>Feature</Name>
          <Title>Refuge Area</Title>
          <ogc:Filter>
              <ogc:PropertyIsEqualTo>
                <ogc:PropertyName>Feature</ogc:PropertyName>
                <ogc:Literal>Refuge_Area</ogc:Literal>
              </ogc:PropertyIsEqualTo>
          </ogc:Filter>
          <PointSymbolizer>
            <Graphic>
              <ExternalGraphic>
                <OnlineResource
                  xlink:type="simple"
                  xlink:href="Refuge_Area.svg" />
                <Format>image/svg+xml</Format>
              </ExternalGraphic>
              <Size>32</Size>
            </Graphic>
          </PointSymbolizer>
        </Rule>
		<Rule>
          <Name>Feature</Name>
          <Title>Road Closure Traffic Control Point Active</Title>
          <ogc:Filter>
              <ogc:PropertyIsEqualTo>
                <ogc:PropertyName>Feature</ogc:PropertyName>
                <ogc:Literal>Road_Closure_Traffic_Control_Point_Active</ogc:Literal>
              </ogc:PropertyIsEqualTo>
          </ogc:Filter>
          <PointSymbolizer>
            <Graphic>
              <ExternalGraphic>
                <OnlineResource
                  xlink:type="simple"
                  xlink:href="Road_Closure_Traffic_Control_Point_Active.svg" />
                <Format>image/svg+xml</Format>
              </ExternalGraphic>
              <Size>32</Size>
            </Graphic>
          </PointSymbolizer>
        </Rule>
		<Rule>
          <Name>Feature</Name>
          <Title>Road Closure Traffic Control Point Planned</Title>
          <ogc:Filter>
              <ogc:PropertyIsEqualTo>
                <ogc:PropertyName>Feature</ogc:PropertyName>
                <ogc:Literal>Road_Closure_Traffic_Control_Point_Planned</ogc:Literal>
              </ogc:PropertyIsEqualTo>
          </ogc:Filter>
          <PointSymbolizer>
            <Graphic>
              <ExternalGraphic>
                <OnlineResource
                  xlink:type="simple"
                  xlink:href="Road_Closure_Traffic_Control_Point_Planned.svg" />
                <Format>image/svg+xml</Format>
              </ExternalGraphic>
              <Size>32</Size>
            </Graphic>
          </PointSymbolizer>
        </Rule>
		<Rule>
          <Name>Feature</Name>
          <Title>Sector Boundary</Title>
          <ogc:Filter>
              <ogc:PropertyIsEqualTo>
                <ogc:PropertyName>Feature</ogc:PropertyName>
                <ogc:Literal>Sector_Boundary</ogc:Literal>
              </ogc:PropertyIsEqualTo>
          </ogc:Filter>
          <PointSymbolizer>
            <Graphic>
              <ExternalGraphic>
                <OnlineResource
                  xlink:type="simple"
                  xlink:href="Sector_Boundary.svg" />
                <Format>image/svg+xml</Format>
              </ExternalGraphic>
              <Size>32</Size>
            </Graphic>
          </PointSymbolizer>
        </Rule>
		<Rule>
          <Name>Feature</Name>
          <Title>Sector Command</Title>
          <ogc:Filter>
              <ogc:PropertyIsEqualTo>
                <ogc:PropertyName>Feature</ogc:PropertyName>
                <ogc:Literal>Sector_Command</ogc:Literal>
              </ogc:PropertyIsEqualTo>
          </ogc:Filter>
          <PointSymbolizer>
            <Graphic>
              <ExternalGraphic>
                <OnlineResource
                  xlink:type="simple"
                  xlink:href="Sector_Command.svg" />
                <Format>image/svg+xml</Format>
              </ExternalGraphic>
              <Size>32</Size>
            </Graphic>
          </PointSymbolizer>
        </Rule>
		<Rule>
          <Name>Feature</Name>
          <Title>Fire_Emergency_Warning</Title>
          <ogc:Filter>
              <ogc:PropertyIsEqualTo>
                <ogc:PropertyName>Feature</ogc:PropertyName>
                <ogc:Literal>Fire_Emergency_Warning</ogc:Literal>
              </ogc:PropertyIsEqualTo>
          </ogc:Filter>
          <PointSymbolizer>
            <Graphic>
              <ExternalGraphic>
                <OnlineResource
                  xlink:type="simple"
                  xlink:href="Fire_Emergency_Warning.svg" />
                <Format>image/svg+xml</Format>
              </ExternalGraphic>
              <Size>32</Size>
            </Graphic>
          </PointSymbolizer>
        </Rule>
		<Rule>
          <Name>Feature</Name>
          <Title>Fire_Watch_And_Act</Title>
          <ogc:Filter>
              <ogc:PropertyIsEqualTo>
                <ogc:PropertyName>Feature</ogc:PropertyName>
                <ogc:Literal>Fire_Watch_And_Act</ogc:Literal>
              </ogc:PropertyIsEqualTo>
          </ogc:Filter>
          <PointSymbolizer>
            <Graphic>
              <ExternalGraphic>
                <OnlineResource
                  xlink:type="simple"
                  xlink:href="Fire_Watch_And_Act.svg" />
                <Format>image/svg+xml</Format>
              </ExternalGraphic>
              <Size>32</Size>
            </Graphic>
          </PointSymbolizer>
        </Rule>
		<Rule>
          <Name>Feature</Name>
          <Title>Fire_Advice</Title>
          <ogc:Filter>
              <ogc:PropertyIsEqualTo>
                <ogc:PropertyName>Feature</ogc:PropertyName>
                <ogc:Literal>Fire_Advice</ogc:Literal>
              </ogc:PropertyIsEqualTo>
          </ogc:Filter>
          <PointSymbolizer>
            <Graphic>
              <ExternalGraphic>
                <OnlineResource
                  xlink:type="simple"
                  xlink:href="Fire_Advice.svg" />
                <Format>image/svg+xml</Format>
              </ExternalGraphic>
              <Size>32</Size>
            </Graphic>
          </PointSymbolizer>
        </Rule>
		<Rule>
          <Name>Feature</Name>
          <Title>Fire_Point_Of_Origin_Confirmed</Title>
          <ogc:Filter>
              <ogc:PropertyIsEqualTo>
                <ogc:PropertyName>Feature</ogc:PropertyName>
                <ogc:Literal>Fire_Point_Of_Origin_Confirmed</ogc:Literal>
              </ogc:PropertyIsEqualTo>
          </ogc:Filter>
          <PointSymbolizer>
            <Graphic>
              <ExternalGraphic>
                <OnlineResource
                  xlink:type="simple"
                  xlink:href="Fire_Point_Of_Origin_Confirmed.svg" />
                <Format>image/svg+xml</Format>
              </ExternalGraphic>
              <Size>32</Size>
            </Graphic>
          </PointSymbolizer>
        </Rule>
		<Rule>
          <Name>Feature</Name>
          <Title>Fire_Point_Of_Origin_Unconfirmed</Title>
          <ogc:Filter>
              <ogc:PropertyIsEqualTo>
                <ogc:PropertyName>Feature</ogc:PropertyName>
                <ogc:Literal>Fire_Point_Of_Origin_Unconfirmed</ogc:Literal>
              </ogc:PropertyIsEqualTo>
          </ogc:Filter>
          <PointSymbolizer>
            <Graphic>
              <ExternalGraphic>
                <OnlineResource
                  xlink:type="simple"
                  xlink:href="Fire_Point_Of_Origin_Unconfirmed.svg" />
                <Format>image/svg+xml</Format>
              </ExternalGraphic>
              <Size>32</Size>
            </Graphic>
          </PointSymbolizer>
        </Rule>
		<Rule>
          <Name>Feature</Name>
          <Title>Fire_Hot_Spot</Title>
          <ogc:Filter>
              <ogc:PropertyIsEqualTo>
                <ogc:PropertyName>Feature</ogc:PropertyName>
                <ogc:Literal>Fire_Hot_Spot</ogc:Literal>
              </ogc:PropertyIsEqualTo>
          </ogc:Filter>
          <PointSymbolizer>
            <Graphic>
              <ExternalGraphic>
                <OnlineResource
                  xlink:type="simple"
                  xlink:href="Fire_Hot_Spot.svg" />
                <Format>image/svg+xml</Format>
              </ExternalGraphic>
              <Size>32</Size>
            </Graphic>
          </PointSymbolizer>
        </Rule>
		<Rule>
          <Name>Feature</Name>
          <Title>Spot_Fire</Title>
          <ogc:Filter>
              <ogc:PropertyIsEqualTo>
                <ogc:PropertyName>Feature</ogc:PropertyName>
                <ogc:Literal>Spot_Fire</ogc:Literal>
              </ogc:PropertyIsEqualTo>
          </ogc:Filter>
          <PointSymbolizer>
            <Graphic>
              <ExternalGraphic>
                <OnlineResource
                  xlink:type="simple"
                  xlink:href="Spot_Fire.svg" />
                <Format>image/svg+xml</Format>
              </ExternalGraphic>
              <Size>32</Size>
            </Graphic>
          </PointSymbolizer>
        </Rule>
		<Rule>
          <Name>Feature</Name>
          <Title>Fire_Direction</Title>
          <ogc:Filter>
              <ogc:PropertyIsEqualTo>
                <ogc:PropertyName>Feature</ogc:PropertyName>
                <ogc:Literal>Fire_Direction</ogc:Literal>
              </ogc:PropertyIsEqualTo>
          </ogc:Filter>
          <PointSymbolizer>
            <Graphic>
              <ExternalGraphic>
                <OnlineResource
                  xlink:type="simple"
                  xlink:href="Fire_Direction.svg" />
                <Format>image/svg+xml</Format>
              </ExternalGraphic>
              <Size>32</Size>
            </Graphic>
          </PointSymbolizer>
        </Rule>
		<Rule>
          <Name>Feature</Name>
          <Title>Water_Point</Title>
          <ogc:Filter>
              <ogc:PropertyIsEqualTo>
                <ogc:PropertyName>Feature</ogc:PropertyName>
                <ogc:Literal>Water_Point</ogc:Literal>
              </ogc:PropertyIsEqualTo>
          </ogc:Filter>
          <PointSymbolizer>
            <Graphic>
              <ExternalGraphic>
                <OnlineResource
                  xlink:type="simple"
                  xlink:href="Water_Point.svg" />
                <Format>image/svg+xml</Format>
              </ExternalGraphic>
              <Size>32</Size>
            </Graphic>
          </PointSymbolizer>
        </Rule>
		<Rule>
          <Name>Feature</Name>
          <Title>Water_Point_Helicopter</Title>
          <ogc:Filter>
              <ogc:PropertyIsEqualTo>
                <ogc:PropertyName>Feature</ogc:PropertyName>
                <ogc:Literal>Water_Point_Helicopter</ogc:Literal>
              </ogc:PropertyIsEqualTo>
          </ogc:Filter>
          <PointSymbolizer>
            <Graphic>
              <ExternalGraphic>
                <OnlineResource
                  xlink:type="simple"
                  xlink:href="Water_Point_Helicopter.svg" />
                <Format>image/svg+xml</Format>
              </ExternalGraphic>
              <Size>32</Size>
            </Graphic>
          </PointSymbolizer>
        </Rule>
		<Rule>
          <Name>Feature</Name>
          <Title>Water_Point_Vehicle</Title>
          <ogc:Filter>
              <ogc:PropertyIsEqualTo>
                <ogc:PropertyName>Feature</ogc:PropertyName>
                <ogc:Literal>Water_Point_Vehicle</ogc:Literal>
              </ogc:PropertyIsEqualTo>
          </ogc:Filter>
          <PointSymbolizer>
            <Graphic>
              <ExternalGraphic>
                <OnlineResource
                  xlink:type="simple"
                  xlink:href="Water_Point_Vehicle.svg" />
                <Format>image/svg+xml</Format>
              </ExternalGraphic>
              <Size>32</Size>
            </Graphic>
          </PointSymbolizer>
        </Rule>
		<Rule>
          <Name>Feature</Name>
          <Title>Hydrant</Title>
          <ogc:Filter>
              <ogc:PropertyIsEqualTo>
                <ogc:PropertyName>Feature</ogc:PropertyName>
                <ogc:Literal>Hydrant</ogc:Literal>
              </ogc:PropertyIsEqualTo>
          </ogc:Filter>
          <PointSymbolizer>
            <Graphic>
              <ExternalGraphic>
                <OnlineResource
                  xlink:type="simple"
                  xlink:href="Hydrant.svg" />
                <Format>image/svg+xml</Format>
              </ExternalGraphic>
              <Size>32</Size>
            </Graphic>
          </PointSymbolizer>
        </Rule>
		<Rule>
          <Name>Feature</Name>
          <Title>Plant_Machinery</Title>
          <ogc:Filter>
              <ogc:PropertyIsEqualTo>
                <ogc:PropertyName>Feature</ogc:PropertyName>
                <ogc:Literal>Plant_Machinery</ogc:Literal>
              </ogc:PropertyIsEqualTo>
          </ogc:Filter>
          <PointSymbolizer>
            <Graphic>
              <ExternalGraphic>
                <OnlineResource
                  xlink:type="simple"
                  xlink:href="Plant_Machinery.svg" />
                <Format>image/svg+xml</Format>
              </ExternalGraphic>
              <Size>32</Size>
            </Graphic>
          </PointSymbolizer>
        </Rule>
		<Rule>
          <Name>Feature</Name>
          <Title>Remote_Access_Fire_Team</Title>
          <ogc:Filter>
              <ogc:PropertyIsEqualTo>
                <ogc:PropertyName>Feature</ogc:PropertyName>
                <ogc:Literal>Remote_Access_Fire_Team</ogc:Literal>
              </ogc:PropertyIsEqualTo>
          </ogc:Filter>
          <PointSymbolizer>
            <Graphic>
              <ExternalGraphic>
                <OnlineResource
                  xlink:type="simple"
                  xlink:href="Remote_Access_Fire_Team.svg" />
                <Format>image/svg+xml</Format>
              </ExternalGraphic>
              <Size>32</Size>
            </Graphic>
          </PointSymbolizer>
        </Rule>
		<Rule>
          <Name>Feature</Name>
          <Title>Portable_Communications_Installation</Title>
          <ogc:Filter>
              <ogc:PropertyIsEqualTo>
                <ogc:PropertyName>Feature</ogc:PropertyName>
                <ogc:Literal>Portable_Communications_Installation</ogc:Literal>
              </ogc:PropertyIsEqualTo>
          </ogc:Filter>
          <PointSymbolizer>
            <Graphic>
              <ExternalGraphic>
                <OnlineResource
                  xlink:type="simple"
                  xlink:href="Portable_Communications_Installation.svg" />
                <Format>image/svg+xml</Format>
              </ExternalGraphic>
              <Size>32</Size>
            </Graphic>
          </PointSymbolizer>
        </Rule>
		<Rule>
          <Name>Feature</Name>
          <Title>Flood</Title>
          <ogc:Filter>
              <ogc:PropertyIsEqualTo>
                <ogc:PropertyName>Feature</ogc:PropertyName>
                <ogc:Literal>Flood</ogc:Literal>
              </ogc:PropertyIsEqualTo>
          </ogc:Filter>
          <PointSymbolizer>
            <Graphic>
              <ExternalGraphic>
                <OnlineResource
                  xlink:type="simple"
                  xlink:href="Flood.svg" />
                <Format>image/svg+xml</Format>
              </ExternalGraphic>
              <Size>32</Size>
            </Graphic>
          </PointSymbolizer>
        </Rule>
		<Rule>
          <Name>Feature</Name>
          <Title>Flood_Affected_Property_Confirmed</Title>
          <ogc:Filter>
              <ogc:PropertyIsEqualTo>
                <ogc:PropertyName>Feature</ogc:PropertyName>
                <ogc:Literal>Flood_Affected_Property_Confirmed</ogc:Literal>
              </ogc:PropertyIsEqualTo>
          </ogc:Filter>
          <PointSymbolizer>
            <Graphic>
              <ExternalGraphic>
                <OnlineResource
                  xlink:type="simple"
                  xlink:href="Flood_Affected_Property_Confirmed.svg" />
                <Format>image/svg+xml</Format>
              </ExternalGraphic>
              <Size>32</Size>
            </Graphic>
          </PointSymbolizer>
        </Rule>
		<Rule>
          <Name>Feature</Name>
          <Title>Flood_Affected_Property_Unconfirmed</Title>
          <ogc:Filter>
              <ogc:PropertyIsEqualTo>
                <ogc:PropertyName>Feature</ogc:PropertyName>
                <ogc:Literal>Flood_Affected_Property_Unconfirmed</ogc:Literal>
              </ogc:PropertyIsEqualTo>
          </ogc:Filter>
          <PointSymbolizer>
            <Graphic>
              <ExternalGraphic>
                <OnlineResource
                  xlink:type="simple"
                  xlink:href="Flood_Affected_Property_Unconfirmed.svg" />
                <Format>image/svg+xml</Format>
              </ExternalGraphic>
              <Size>32</Size>
            </Graphic>
          </PointSymbolizer>
        </Rule>
		<Rule>
          <Name>Feature</Name>
          <Title>Flood_Affected_Livestock_Confirmed</Title>
          <ogc:Filter>
              <ogc:PropertyIsEqualTo>
                <ogc:PropertyName>Feature</ogc:PropertyName>
                <ogc:Literal>Flood_Affected_Livestock_Confirmed</ogc:Literal>
              </ogc:PropertyIsEqualTo>
          </ogc:Filter>
          <PointSymbolizer>
            <Graphic>
              <ExternalGraphic>
                <OnlineResource
                  xlink:type="simple"
                  xlink:href="Flood_Affected_Livestock_Confirmed.svg" />
                <Format>image/svg+xml</Format>
              </ExternalGraphic>
              <Size>32</Size>
            </Graphic>
          </PointSymbolizer>
        </Rule>
		<Rule>
          <Name>Feature</Name>
          <Title>Flood_Affected_Livestock_Unconfirmed</Title>
          <ogc:Filter>
              <ogc:PropertyIsEqualTo>
                <ogc:PropertyName>Feature</ogc:PropertyName>
                <ogc:Literal>Flood_Affected_Livestock_Unconfirmed</ogc:Literal>
              </ogc:PropertyIsEqualTo>
          </ogc:Filter>
          <PointSymbolizer>
            <Graphic>
              <ExternalGraphic>
                <OnlineResource
                  xlink:type="simple"
                  xlink:href="Flood_Affected_Livestock_Unconfirmed.svg" />
                <Format>image/svg+xml</Format>
              </ExternalGraphic>
              <Size>32</Size>
            </Graphic>
          </PointSymbolizer>
        </Rule>
		<Rule>
          <Name>Feature</Name>
          <Title>Flood_Rescue_Boat_Confirmed</Title>
          <ogc:Filter>
              <ogc:PropertyIsEqualTo>
                <ogc:PropertyName>Feature</ogc:PropertyName>
                <ogc:Literal>Flood_Rescue_Boat_Confirmed</ogc:Literal>
              </ogc:PropertyIsEqualTo>
          </ogc:Filter>
          <PointSymbolizer>
            <Graphic>
              <ExternalGraphic>
                <OnlineResource
                  xlink:type="simple"
                  xlink:href="Flood_Rescue_Boat_Confirmed.svg" />
                <Format>image/svg+xml</Format>
              </ExternalGraphic>
              <Size>32</Size>
            </Graphic>
          </PointSymbolizer>
        </Rule>
		<Rule>
          <Name>Feature</Name>
          <Title>Flood_Rescue_Boat_Unconfirmed</Title>
          <ogc:Filter>
              <ogc:PropertyIsEqualTo>
                <ogc:PropertyName>Feature</ogc:PropertyName>
                <ogc:Literal>Flood_Rescue_Boat_Unconfirmed</ogc:Literal>
              </ogc:PropertyIsEqualTo>
          </ogc:Filter>
          <PointSymbolizer>
            <Graphic>
              <ExternalGraphic>
                <OnlineResource
                  xlink:type="simple"
                  xlink:href="Flood_Rescue_Boat_Unconfirmed.svg" />
                <Format>image/svg+xml</Format>
              </ExternalGraphic>
              <Size>32</Size>
            </Graphic>
          </PointSymbolizer>
        </Rule>
		<Rule>
          <Name>Feature</Name>
          <Title>Storm_Affected_Property_Confirmed</Title>
          <ogc:Filter>
              <ogc:PropertyIsEqualTo>
                <ogc:PropertyName>Feature</ogc:PropertyName>
                <ogc:Literal>Storm_Affected_Property_Confirmed</ogc:Literal>
              </ogc:PropertyIsEqualTo>
          </ogc:Filter>
          <PointSymbolizer>
            <Graphic>
              <ExternalGraphic>
                <OnlineResource
                  xlink:type="simple"
                  xlink:href="Storm_Affected_Property_Confirmed.svg" />
                <Format>image/svg+xml</Format>
              </ExternalGraphic>
              <Size>32</Size>
            </Graphic>
          </PointSymbolizer>
        </Rule>
		<Rule>
          <Name>Feature</Name>
          <Title>Storm_Affected_Property_Unconfirmed</Title>
          <ogc:Filter>
              <ogc:PropertyIsEqualTo>
                <ogc:PropertyName>Feature</ogc:PropertyName>
                <ogc:Literal>Storm_Affected_Property_Unconfirmed</ogc:Literal>
              </ogc:PropertyIsEqualTo>
          </ogc:Filter>
          <PointSymbolizer>
            <Graphic>
              <ExternalGraphic>
                <OnlineResource
                  xlink:type="simple"
                  xlink:href="Storm_Affected_Property_Unconfirmed.svg" />
                <Format>image/svg+xml</Format>
              </ExternalGraphic>
              <Size>32</Size>
            </Graphic>
          </PointSymbolizer>
        </Rule>
		<Rule>
          <Name>Feature</Name>
          <Title>Tree_Down_Confirmed</Title>
          <ogc:Filter>
              <ogc:PropertyIsEqualTo>
                <ogc:PropertyName>Feature</ogc:PropertyName>
                <ogc:Literal>Tree_Down_Confirmed</ogc:Literal>
              </ogc:PropertyIsEqualTo>
          </ogc:Filter>
          <PointSymbolizer>
            <Graphic>
              <ExternalGraphic>
                <OnlineResource
                  xlink:type="simple"
                  xlink:href="Tree_Down_Confirmed.svg" />
                <Format>image/svg+xml</Format>
              </ExternalGraphic>
              <Size>32</Size>
            </Graphic>
          </PointSymbolizer>
        </Rule>
		<Rule>
          <Name>Feature</Name>
          <Title>Tree_Down_Unconfirmed</Title>
          <ogc:Filter>
              <ogc:PropertyIsEqualTo>
                <ogc:PropertyName>Feature</ogc:PropertyName>
                <ogc:Literal>Tree_Down_Unconfirmed</ogc:Literal>
              </ogc:PropertyIsEqualTo>
          </ogc:Filter>
          <PointSymbolizer>
            <Graphic>
              <ExternalGraphic>
                <OnlineResource
                  xlink:type="simple"
                  xlink:href="Tree_Down_Unconfirmed.svg" />
                <Format>image/svg+xml</Format>
              </ExternalGraphic>
              <Size>32</Size>
            </Graphic>
          </PointSymbolizer>
        </Rule>
		<Rule>
          <Name>Feature</Name>
          <Title>Staging Area</Title>
          <ogc:Filter>
              <ogc:PropertyIsEqualTo>
                <ogc:PropertyName>Feature</ogc:PropertyName>
                <ogc:Literal>Staging_Area</ogc:Literal>
              </ogc:PropertyIsEqualTo>
          </ogc:Filter>
          <PointSymbolizer>
            <Graphic>
              <ExternalGraphic>
                <OnlineResource
                  xlink:type="simple"
                  xlink:href="Staging_Area.svg" />
                <Format>image/svg+xml</Format>
              </ExternalGraphic>
              <Size>32</Size>
            </Graphic>
          </PointSymbolizer>
        </Rule>
      </FeatureTypeStyle>
    </UserStyle>
  </NamedLayer>
</StyledLayerDescriptor>