<?xml version="1.0" encoding="ISO-8859-1"?>
<StyledLayerDescriptor version="1.0.0" 
    xsi:schemaLocation="http://www.opengis.net/sld StyledLayerDescriptor.xsd" 
    xmlns="http://www.opengis.net/sld" 
    xmlns:ogc="http://www.opengis.net/ogc" 
    xmlns:xlink="http://www.w3.org/1999/xlink" 
    xmlns:xsi="http://www.w3.org/2001/XMLSchema-instance">
  <NamedLayer>
    <Name>Attribute-based polygon</Name>
    <UserStyle>
      <Title>GeoServer SLD Cook Book: Attribute-based polygon</Title>
      <FeatureTypeStyle>
        <Rule>
          <Name>Feature</Name>
          <Title>Burnt Area Current Burnt Area</Title>
				<ogc:Filter>
				<ogc:PropertyIsEqualTo>
                <ogc:PropertyName>Feature</ogc:PropertyName>
                <ogc:Literal>Burnt_Area_Current_Burnt_Area</ogc:Literal>
				</ogc:PropertyIsEqualTo>
				</ogc:Filter>
			<PolygonSymbolizer>
            <Fill>
              <GraphicFill>
                <Graphic>
                  <Mark>
                    <WellKnownName>shape://slash</WellKnownName>
                    <Stroke>
                      <CssParameter name="stroke">#333333</CssParameter>
                      <CssParameter name="stroke-width">1</CssParameter>
                    </Stroke>
                  </Mark>
                  <Size>16</Size>
                </Graphic>
              </GraphicFill>
            </Fill>
          </PolygonSymbolizer>
		</Rule>
		<Rule>
          <Name>Feature</Name>
          <Title>Burnt Area Previous Burn</Title>
				<ogc:Filter>
				<ogc:PropertyIsEqualTo>
                <ogc:PropertyName>Feature</ogc:PropertyName>
                <ogc:Literal>Burnt_Area_Previous_Burn</ogc:Literal>
				</ogc:PropertyIsEqualTo>
				</ogc:Filter> 
          <PolygonSymbolizer>
            <Fill>
              <GraphicFill>
                <Graphic>
                  <Mark>
                    <WellKnownName>shape://backslash</WellKnownName>
                    <Stroke>
                      <CssParameter name="stroke">#333333</CssParameter>
                      <CssParameter name="stroke-width">1</CssParameter>
                    </Stroke>
                  </Mark>
                  <Size>16</Size>
                </Graphic>
              </GraphicFill>
            </Fill>
          </PolygonSymbolizer>
        </Rule>
		<Rule>
          <Name>Feature</Name>
          <Title>Flooded Area Confirmed</Title>
				<ogc:Filter>
				<ogc:PropertyIsEqualTo>
                <ogc:PropertyName>Feature</ogc:PropertyName>
                <ogc:Literal>Flooded_Area_Confirmed</ogc:Literal>
				</ogc:PropertyIsEqualTo>
				</ogc:Filter> 
           <PolygonSymbolizer>
            <Fill>
              <GraphicFill>
                <Graphic>
                  <Mark>
                    <WellKnownName>shape://horline</WellKnownName>
                    <Stroke>
                      <CssParameter name="stroke">#333333</CssParameter>
                      <CssParameter name="stroke-width">2.5</CssParameter>
                    </Stroke>
                  </Mark>
                  <Size>6</Size>
                </Graphic>
              </GraphicFill>
            </Fill>
            <Stroke>
              <CssParameter name="stroke">#333333</CssParameter>
              <CssParameter name="stroke-width">3</CssParameter>
            </Stroke>
          </PolygonSymbolizer>
        </Rule>
		<Rule>
          <Name>Feature</Name>
          <Title>Flooded Area Predicted Unconfirmed</Title>
				<ogc:Filter>
				<ogc:PropertyIsEqualTo>
                <ogc:PropertyName>Feature</ogc:PropertyName>
                <ogc:Literal>Flooded_Area_Predicted_Unconfirmed</ogc:Literal>
				</ogc:PropertyIsEqualTo>
				</ogc:Filter> 
		  <PolygonSymbolizer>
            <Fill>
              <GraphicFill>
                <Graphic>
                  <Mark>
                    <WellKnownName>shape://horline</WellKnownName>
                    <Stroke>
                      <CssParameter name="stroke">#333333</CssParameter>
                      <CssParameter name="stroke-width">2.5</CssParameter>
                    </Stroke>
                  </Mark>
                  <Size>6</Size>
                </Graphic>
              </GraphicFill>
            </Fill>
            <Stroke>
              <CssParameter name="stroke">#333333</CssParameter>
              <CssParameter name="stroke-width">3</CssParameter>
              <CssParameter name="dasharray">12 5</CssParameter>   
            </Stroke>
          </PolygonSymbolizer>
        </Rule>
        <Rule>
          <Name>Feature</Name>
          <Title>Area of Interest</Title>
          <ogc:Filter>
            <ogc:PropertyIsEqualTo>
                <ogc:PropertyName>Feature</ogc:PropertyName>
                <ogc:Literal>Area_Of_Interest</ogc:Literal>
            </ogc:PropertyIsEqualTo>
          </ogc:Filter>
          <PolygonSymbolizer>
            <Fill>
              <GraphicFill><Graphic>
                  <Mark>
                    <WellKnownName>shape://slash</WellKnownName>
                     <Stroke>
                      <CssParameter name="stroke">#000000</CssParameter>
                      <CssParameter name="stroke-width">2</CssParameter>
                     </Stroke>
                  </Mark><Size>12</Size>
              </Graphic></GraphicFill>
            </Fill>
            <Stroke>
              <CssParameter name="stroke">#000000</CssParameter>
              <CssParameter name="stroke-width">2</CssParameter>
            </Stroke>
         </PolygonSymbolizer>
        </Rule>
        <Rule>
          <Name>Feature</Name>
          <Title>Control Area</Title>
          <ogc:Filter>
            <ogc:PropertyIsEqualTo>
                <ogc:PropertyName>Feature</ogc:PropertyName>
                <ogc:Literal>Control_Area</ogc:Literal>
            </ogc:PropertyIsEqualTo>
          </ogc:Filter>
          <PolygonSymbolizer>
            <Fill>
              <GraphicFill><Graphic>
                  <Mark>
                    <WellKnownName>shape://backslash</WellKnownName>
                     <Stroke>
                      <CssParameter name="stroke">#CC0000</CssParameter>
                      <CssParameter name="stroke-width">2</CssParameter>
                     </Stroke>
                  </Mark><Size>12</Size>
              </Graphic></GraphicFill>
            </Fill>
            <Stroke>
              <CssParameter name="stroke">#CC0000</CssParameter>
              <CssParameter name="stroke-width">2</CssParameter>
            </Stroke>
         </PolygonSymbolizer>
        </Rule>
        <Rule>
          <Name>Feature</Name>
          <Title>Declaration Area</Title>
          <ogc:Filter>
            <ogc:PropertyIsEqualTo>
                <ogc:PropertyName>Feature</ogc:PropertyName>
                <ogc:Literal>Declaration_Area</ogc:Literal>
            </ogc:PropertyIsEqualTo>
          </ogc:Filter>
          <PolygonSymbolizer>
            <Stroke>
              <CssParameter name="stroke">#000000</CssParameter>
              <CssParameter name="stroke-width">10</CssParameter>
            </Stroke>
         </PolygonSymbolizer>
         <PolygonSymbolizer>
            <Stroke>
              <CssParameter name="stroke">#FFFFFF</CssParameter>
              <CssParameter name="stroke-width">4</CssParameter>
              <CssParameter name="stroke-dasharray">8 5</CssParameter>
            </Stroke>
         </PolygonSymbolizer>
        </Rule>
        <Rule>
          <Name>Feature</Name>
          <Title>Emergency Alert Warning Area</Title>
          <ogc:Filter>
            <ogc:PropertyIsEqualTo>
                <ogc:PropertyName>Feature</ogc:PropertyName>
                <ogc:Literal>Emergency_Alert_Warning_Area</ogc:Literal>
            </ogc:PropertyIsEqualTo>
          </ogc:Filter>
          <PolygonSymbolizer>
            <Fill>
              <CssParameter name="fill">#CC0000</CssParameter>
            </Fill>
          </PolygonSymbolizer>
        </Rule>
      </FeatureTypeStyle>
    </UserStyle>
  </NamedLayer>
</StyledLayerDescriptor>